Gender,Income,WTS
Female,63435.294117647056,4030.0
Male,176444.44444444444,5944.444444444444
